{"cameraMode":{"drawMode":0,"name":"Shaded","section":"Shading Mode"},"sceneLighting":false,"audioPlay":false,"sceneViewState":{"m_AlwaysRefresh":false,"showFog":true,"showSkybox":false,"showFlares":true,"showImageEffects":true,"showParticleSystems":true,"showVisualEffectGraphs":true,"m_FxEnabled":true},"in2DMode":false,"pivot":{"x":-0.5040932893753052,"y":-1.3320709466934205,"z":4.844873905181885},"rotation":{"x":0.22916236519813538,"y":-0.11457393318414688,"z":0.027065109461545945,"w":0.9664353728294373},"size":6.0073957443237309,"orthographic":false}